id_publi	id_jury
1	1
1	32
1	33
1	122
1	135
1	143
2	1
2	11
2	13
2	17
2	30
2	32
2	33
2	105
2	122
2	135
2	142
2	143
3	1
3	51
3	105
4	1
4	105
4	135
5	1
5	105
5	143
6	1
6	105
6	143
7	1
7	105
7	143
8	1
8	105
8	135
9	1
9	105
10	1
10	105
11	1
11	105
11	143
12	1
12	105
12	122
13	1
13	105
14	1
14	105
14	143
15	1
15	105
16	1
16	105
17	1
17	105
18	1
18	105
19	1
19	105
20	1
20	105
21	1
21	105
22	1
22	105
23	1
23	105
23	122
24	1
24	105
24	122
25	1
25	105
26	1
26	105
26	122
27	1
27	105
27	122
28	1
28	105
28	122
29	1
29	105
29	122
30	1
30	105
31	1
31	105
31	122
32	1
32	105
32	122
33	1
33	105
34	1
34	105
34	122
35	1
35	105
35	122
36	1
36	105
36	122
37	1
37	105
37	122
38	1
38	105
38	122
39	1
39	105
39	122
40	1
40	105
40	122
41	1
41	105
41	122
42	1
42	105
42	122
43	1
43	13
43	33
43	105
43	122
44	1
44	105
44	122
45	1
45	53
45	105
45	122
45	135
46	1
46	53
46	105
46	122
46	135
47	1
47	11
47	17
47	33
47	105
47	122
48	1
48	105
48	122
49	1
49	105
49	122
50	1
50	53
50	105
50	122
50	135
51	1
51	53
51	105
51	122
51	135
52	1
52	53
52	105
52	122
52	135
53	1
53	105
54	1
54	122
55	1
55	122
56	1
56	122
57	1
57	122
58	1
58	4
58	122
59	1
59	4
59	42
59	122
60	1
60	122
61	1
61	4
61	16
61	122
62	1
62	122
63	1
63	122
64	1
64	122
65	1
65	4
65	16
65	122
66	1
66	4
66	122
67	1
67	122
68	1
68	122
69	1
69	122
70	1
70	122
71	1
71	122
72	1
72	122
73	1
73	122
74	1
74	122
75	1
75	122
76	1
76	122
77	1
77	122
78	1
78	122
79	1
79	122
80	1
80	122
81	1
81	122
82	1
82	122
83	3
83	5
83	111
83	152
84	3
84	5
84	111
84	152
85	3
85	5
86	3
86	5
86	14
86	72
86	111
86	112
87	3
87	5
87	38
87	115
88	3
88	5
88	38
88	115
89	3
89	5
89	38
89	115
90	3
90	5
90	93
91	3
91	5
91	38
92	4
92	16
92	42
92	57
92	122
93	4
93	16
93	122
94	4
94	16
94	122
95	4
95	16
95	122
96	4
96	16
96	57
96	122
97	4
97	16
97	122
98	4
98	16
98	30
98	57
98	122
99	4
99	16
99	122
100	4
100	16
100	122
101	4
101	16
101	42
101	57
101	105
101	122
101	135
102	4
102	16
102	42
102	57
102	122
102	135
103	4
103	16
103	30
103	122
103	135
104	4
104	16
104	42
104	83
104	122
104	135
105	4
105	16
105	83
105	122
106	4
106	16
106	42
106	83
106	91
106	105
106	122
106	135
107	4
107	16
107	122
108	4
108	8
108	16
108	32
108	125
109	4
109	16
109	83
109	122
110	4
110	16
111	4
111	16
111	122
112	4
112	16
113	4
113	8
113	16
113	125
114	4
114	16
114	42
114	83
114	91
114	105
114	122
114	135
115	4
115	8
115	16
115	32
115	125
116	4
116	16
116	42
116	83
116	122
116	135
117	4
117	16
117	122
118	4
118	16
118	42
118	97
118	122
118	135
119	4
119	16
119	42
119	83
119	122
119	135
120	4
120	16
120	42
120	83
120	122
120	135
121	4
121	16
121	42
121	57
121	83
121	122
121	135
122	4
122	16
122	42
122	97
122	122
122	135
123	4
123	16
123	42
123	83
123	97
123	122
123	135
124	4
124	16
124	122
125	4
125	16
125	42
125	83
125	122
125	135
126	4
126	16
126	42
126	83
126	122
126	135
127	4
127	16
127	42
127	83
127	91
127	105
127	122
127	135
128	4
128	16
128	42
128	57
128	83
128	122
128	135
129	4
129	16
129	42
129	83
129	122
129	135
130	4
130	16
130	42
130	83
130	122
130	135
131	4
131	16
131	30
131	45
132	4
132	16
132	42
132	83
132	122
132	135
133	4
133	8
133	16
133	125
134	4
134	16
134	42
134	122
135	4
135	16
135	42
135	57
135	83
135	122
135	135
136	4
136	16
136	42
136	57
136	83
136	122
136	135
137	4
137	16
137	42
137	57
137	83
137	122
137	135
138	4
138	16
138	42
138	83
138	91
138	105
138	122
138	135
139	4
139	16
139	42
139	83
139	122
139	135
140	4
140	16
140	42
140	83
140	122
140	135
141	4
141	16
141	83
141	122
141	135
142	4
142	16
142	42
142	83
142	122
142	135
143	4
143	13
143	16
143	122
144	4
144	13
144	16
144	122
145	4
145	16
145	42
145	57
145	83
145	122
145	135
146	4
146	13
146	16
146	30
146	45
146	122
147	4
147	16
147	42
147	83
147	122
147	135
148	4
148	16
148	42
148	83
148	122
148	135
149	4
149	16
149	42
149	45
149	83
149	122
149	135
150	4
150	91
150	97
150	122
150	135
151	4
151	91
151	97
151	122
151	135
152	4
152	16
152	42
152	83
152	91
152	105
152	122
152	135
153	4
153	8
153	32
153	45
153	94
153	97
153	125
153	131
154	4
154	122
155	4
155	42
155	122
156	4
156	122
157	4
157	122
158	4
158	122
159	4
159	122
160	4
160	122
161	4
161	122
162	4
162	83
162	122
163	4
163	122
164	4
164	122
165	4
165	122
166	4
166	122
167	4
167	122
168	4
168	42
168	57
168	122
169	4
169	122
170	4
170	122
171	4
171	57
171	122
172	4
172	122
173	4
173	122
174	4
174	42
174	122
175	4
175	83
175	122
176	4
176	57
176	122
177	4
177	42
177	83
177	122
178	4
178	122
179	4
179	122
180	4
180	122
181	4
181	57
181	122
182	4
182	122
183	4
183	122
184	4
184	122
185	4
185	42
185	122
186	4
186	122
187	4
187	122
187	135
188	4
188	122
189	4
189	122
190	4
190	122
191	4
191	122
192	4
192	42
192	83
192	122
193	4
193	83
193	122
194	4
194	122
195	4
195	122
196	4
196	122
197	4
197	122
198	4
198	122
199	4
199	83
199	122
200	4
200	122
201	4
201	122
202	4
202	122
203	4
203	83
203	122
204	4
204	122
205	4
205	105
205	122
206	4
206	45
206	122
207	4
207	122
208	4
208	42
208	122
209	4
209	122
210	4
210	122
211	4
211	122
212	4
212	122
213	4
213	83
213	122
214	4
214	83
214	122
215	4
215	122
216	4
216	122
217	4
217	122
218	4
218	42
218	57
218	122
219	4
219	83
219	122
220	4
220	122
221	4
221	122
222	4
222	122
223	4
223	122
224	4
224	42
224	83
224	122
225	4
225	122
226	4
226	122
227	4
227	105
227	122
228	4
228	83
228	122
228	135
229	4
229	122
230	4
230	42
230	57
230	122
231	4
231	42
231	122
232	4
232	122
233	4
233	122
234	4
234	122
235	4
235	122
236	4
236	122
237	4
237	42
237	122
238	4
238	83
238	122
239	4
239	83
239	122
240	4
240	122
241	4
241	83
241	122
242	4
242	83
242	122
243	4
243	122
244	4
244	42
244	122
245	4
245	122
246	4
246	122
247	4
247	122
248	4
248	42
248	122
249	4
249	83
249	122
250	4
250	122
251	4
251	122
252	4
252	122
253	4
253	122
254	4
254	42
254	83
254	122
255	4
255	122
256	4
256	83
256	122
257	4
257	122
258	4
258	83
258	122
259	4
259	122
260	4
260	122
261	4
261	59
261	122
261	135
262	4
262	122
263	4
263	42
263	83
264	4
264	83
264	122
264	135
265	4
265	83
265	122
266	4
266	122
267	4
267	122
268	4
268	122
269	4
269	122
270	4
270	122
271	4
271	83
271	122
272	4
272	83
272	122
273	4
273	83
273	122
274	4
274	122
275	4
275	42
275	97
275	122
275	135
276	4
276	45
276	122
277	4
277	42
277	122
278	4
278	122
279	4
279	122
280	4
280	42
280	122
281	4
281	83
281	122
282	4
282	83
282	122
283	4
283	42
283	83
283	122
283	135
284	4
284	42
284	122
285	4
285	42
285	122
286	4
286	42
286	122
287	4
287	83
287	122
287	135
288	4
288	122
289	4
289	83
289	122
290	4
290	42
290	122
291	4
291	105
291	122
292	4
292	45
292	122
293	4
293	122
294	4
294	42
294	122
294	135
295	4
295	83
295	122
296	4
296	42
296	83
296	122
297	4
297	122
298	4
298	97
298	122
298	135
299	4
299	42
299	122
300	4
300	122
301	4
301	42
301	105
301	122
302	4
302	42
302	83
302	97
302	122
302	135
303	4
303	83
303	122
304	4
304	42
304	122
305	4
305	83
305	122
305	135
306	4
306	83
306	122
307	4
307	122
308	4
308	83
308	122
309	4
309	83
309	122
310	4
310	97
310	122
310	135
311	4
311	83
311	122
312	4
312	83
312	122
313	4
313	45
313	122
314	4
314	122
315	4
315	83
315	122
316	4
316	42
316	122
317	4
317	42
317	122
318	4
318	42
318	122
319	4
319	122
320	4
320	42
320	122
321	4
321	42
321	122
322	4
322	42
322	122
323	4
323	122
324	4
324	122
325	4
325	42
325	122
326	4
326	45
326	122
327	4
327	59
327	122
327	135
328	4
328	122
329	4
329	42
329	122
330	4
330	122
331	4
331	83
331	122
332	4
332	122
332	135
333	4
333	83
333	122
334	4
334	83
334	122
335	4
335	42
335	122
336	4
336	83
336	122
336	135
337	4
337	83
337	122
338	4
338	83
338	122
338	135
339	4
339	42
339	122
340	4
340	42
340	122
341	4
341	42
341	122
342	4
342	30
342	122
343	4
343	122
344	4
344	122
344	135
345	4
345	122
345	135
346	4
346	42
346	122
347	4
347	59
347	122
347	131
347	135
348	4
348	122
349	4
349	122
350	4
350	122
351	4
351	42
351	122
352	4
352	59
352	122
352	131
352	135
353	4
353	42
353	122
354	4
354	122
355	4
355	8
355	125
356	4
356	8
356	125
357	4
357	8
357	125
358	4
358	125
359	4
359	8
359	125
360	4
360	125
361	5
361	72
361	88
361	111
361	112
361	152
362	5
362	72
362	88
362	111
362	112
362	152
363	5
363	88
363	152
364	5
364	88
364	152
365	5
365	99
365	152
366	5
366	99
366	152
367	5
367	99
367	152
368	5
368	99
368	152
369	5
369	111
370	5
370	12
370	111
370	151
371	5
371	12
371	111
371	151
372	5
372	111
372	152
373	5
373	111
373	152
374	5
374	111
375	5
375	111
376	5
376	111
377	5
377	111
378	5
378	111
379	5
379	112
380	5
380	112
381	5
381	112
382	5
382	112
383	5
383	112
384	5
384	112
384	152
385	5
385	112
386	5
386	112
386	137
387	5
387	112
387	137
388	5
388	12
388	38
388	40
388	71
388	77
388	78
388	85
388	93
388	103
388	112
388	115
388	120
388	137
388	146
388	149
389	5
389	112
389	152
390	5
390	112
390	152
391	5
391	38
391	71
391	77
391	78
391	85
391	93
391	103
391	112
391	115
391	137
391	146
391	149
392	5
392	112
392	152
393	5
393	112
394	5
394	112
395	5
395	112
395	152
396	5
396	112
397	5
397	112
397	152
398	5
398	112
399	5
399	112
400	5
400	112
401	5
401	112
401	137
402	5
402	112
402	137
403	5
403	112
404	5
404	112
405	5
405	112
406	5
406	112
407	5
407	112
408	5
408	112
409	5
409	112
410	5
410	112
411	5
411	112
412	5
412	112
412	137
413	5
413	112
414	5
414	112
415	5
415	112
416	5
416	112
417	5
417	112
418	5
418	112
419	5
419	38
419	112
420	5
420	93
420	112
420	115
421	5
421	38
421	115
422	5
422	38
422	115
423	5
423	38
423	115
424	5
424	38
424	115
425	5
425	14
425	24
425	38
425	84
425	115
425	137
426	5
426	14
426	38
426	84
426	115
426	137
427	5
427	38
427	115
427	137
428	5
428	115
429	5
429	14
429	115
430	5
430	93
430	115
431	5
431	93
431	115
432	5
432	93
432	115
433	5
433	81
433	93
433	115
434	5
434	38
434	93
434	115
435	5
435	93
435	115
436	5
436	93
436	115
437	5
437	81
437	93
437	115
438	5
438	93
438	115
439	5
439	12
439	151
440	5
440	12
440	151
441	5
441	12
441	151
442	5
442	152
443	5
443	152
444	5
444	152
445	5
445	152
446	5
446	152
447	5
447	152
448	5
448	152
449	5
449	152
450	5
450	152
451	5
451	152
452	5
452	152
453	5
453	152
454	5
454	152
455	5
455	152
456	5
456	152
457	5
457	152
458	5
458	152
459	5
459	152
460	5
460	152
461	5
461	152
462	5
462	152
463	5
463	152
464	5
464	152
465	5
465	152
466	5
466	152
467	5
467	152
468	5
468	152
469	5
469	152
470	5
470	152
471	5
471	152
472	5
472	152
473	5
473	152
474	5
474	152
475	5
475	152
476	5
476	152
477	5
477	152
478	5
478	152
479	5
479	152
480	5
480	152
481	5
481	152
482	5
482	111
482	152
483	5
483	152
484	5
484	152
485	5
485	152
486	6
486	9
486	12
486	39
486	49
486	61
486	65
486	121
486	123
487	6
487	9
487	12
487	14
488	6
488	9
488	12
488	14
489	6
489	12
490	6
490	9
490	12
490	39
490	49
490	61
490	65
490	121
490	123
491	6
491	12
491	65
492	6
492	9
492	12
492	14
492	65
493	6
493	12
494	6
494	9
494	12
494	39
494	49
494	61
494	65
494	121
494	123
495	6
495	9
495	12
495	39
495	49
495	61
495	65
495	121
495	123
496	6
496	9
496	12
496	39
496	49
496	61
496	65
496	121
497	6
497	12
498	6
498	12
499	6
499	12
500	6
500	9
500	12
500	14
500	65
501	6
501	12
502	6
502	12
503	6
503	12
504	6
504	12
505	6
505	12
506	6
506	12
507	6
507	12
508	6
508	12
509	6
509	12
510	6
510	12
511	6
511	9
511	12
511	49
511	65
512	6
512	12
513	6
513	12
514	6
514	12
515	6
515	12
516	6
516	12
517	6
517	12
518	6
518	12
519	6
519	12
520	6
520	12
521	6
521	12
522	6
522	12
523	6
523	12
524	6
524	12
525	6
525	12
526	6
526	12
527	6
527	12
527	65
528	6
528	12
529	6
529	12
530	6
530	12
531	6
531	12
532	6
532	12
533	6
533	12
534	6
534	12
535	6
535	9
535	18
535	39
535	49
535	61
535	65
535	73
535	121
535	123
535	127
536	6
536	9
536	18
536	39
536	49
536	61
536	65
536	73
536	90
536	121
536	123
536	127
537	6
537	9
537	39
537	49
537	61
537	65
537	73
537	90
537	121
537	123
537	127
538	6
538	9
538	39
538	49
538	61
538	65
538	90
538	121
538	127
539	6
539	9
539	39
539	49
539	61
539	65
539	90
539	121
539	123
539	127
540	6
540	9
540	39
540	49
540	61
540	65
540	90
540	121
540	123
540	127
541	6
541	9
541	18
541	39
541	49
541	61
541	65
541	90
541	121
541	123
541	127
542	6
542	9
542	39
542	49
542	61
542	65
542	73
542	90
542	121
542	123
542	127
543	6
543	9
543	18
543	39
543	49
543	61
543	65
543	73
543	80
543	90
543	121
543	123
543	127
544	6
544	9
544	18
544	39
544	49
544	61
544	65
544	73
544	90
544	106
544	121
544	123
544	127
545	6
545	9
545	18
545	39
545	49
545	61
545	65
545	90
545	121
545	123
545	127
546	6
546	9
546	18
546	49
546	61
546	90
546	121
546	123
546	127
547	6
547	9
547	39
547	49
547	61
547	65
547	73
547	90
547	121
547	123
547	127
548	6
548	9
548	39
548	49
548	61
548	65
548	90
548	121
548	123
548	127
549	6
549	9
549	39
549	49
549	61
549	65
549	90
549	121
549	123
549	127
550	6
550	9
550	39
550	49
550	61
550	65
550	90
550	121
550	123
550	127
551	6
551	9
551	39
551	49
551	61
551	65
551	90
551	121
551	123
551	127
552	6
552	9
552	39
552	49
552	61
552	65
552	73
552	90
552	121
552	123
552	127
553	6
553	49
554	6
554	39
554	61
554	65
554	90
554	121
554	123
554	127
555	6
555	9
555	18
555	39
555	61
555	65
555	73
555	90
555	121
555	123
555	127
555	148
556	6
556	61
556	65
557	6
557	65
558	6
558	64
558	65
559	6
559	121
560	6
560	121
561	7
561	110
561	112
562	7
562	110
562	112
563	8
563	32
564	8
564	32
565	8
565	32
566	8
566	105
566	122
567	8
567	105
567	122
568	8
568	105
568	122
569	8
569	105
570	8
570	105
571	8
571	91
571	105
571	122
572	6
572	9
572	18
572	39
572	49
572	61
572	65
572	90
572	121
572	123
572	127
572	148
573	9
573	39
573	49
573	61
573	65
573	73
573	90
573	121
573	123
573	127
574	6
574	9
574	39
574	49
574	61
574	65
574	90
574	121
574	123
574	127
575	9
575	39
575	49
575	61
575	65
575	121
575	123
575	127
576	9
576	18
576	39
576	49
576	61
576	65
576	90
576	121
576	123
576	127
577	9
577	12
577	39
577	49
577	65
577	121
577	123
578	9
578	12
578	39
578	49
578	65
578	123
579	9
579	39
579	65
579	121
579	127
580	9
580	18
580	23
580	31
580	61
580	79
580	80
580	127
581	9
581	18
581	23
581	31
581	61
581	65
581	79
581	80
581	106
581	127
581	136
582	9
582	18
582	23
582	31
582	61
582	65
582	79
582	80
582	106
582	127
582	136
583	9
583	18
583	49
583	61
583	73
584	9
584	18
584	49
584	61
584	73
585	9
585	18
585	73
586	9
586	18
586	49
586	73
587	9
587	18
587	49
587	73
587	121
588	9
588	18
588	49
588	65
588	73
588	121
589	9
589	80
590	9
590	79
590	80
590	127
591	9
591	65
591	106
591	127
592	9
592	106
593	9
593	106
594	9
594	106
595	9
595	65
595	106
595	127
596	9
596	106
596	127
597	9
597	65
597	106
597	123
597	127
598	9
598	106
599	9
599	65
599	106
599	127
600	9
600	65
600	106
600	127
601	9
601	18
601	65
601	106
601	127
602	9
602	65
602	106
602	127
603	9
603	65
603	106
603	127
604	9
604	65
604	106
604	127
605	9
605	65
605	106
605	127
606	9
606	65
606	106
606	127
607	9
607	18
607	65
607	106
607	127
608	9
608	18
608	65
608	106
608	127
609	9
609	65
609	106
609	127
610	9
610	65
610	106
610	127
611	9
611	65
611	106
611	127
612	9
612	65
612	106
612	127
613	9
613	18
613	65
613	106
613	127
614	9
614	65
614	106
614	127
615	9
615	18
615	65
615	106
615	127
616	9
616	18
616	65
616	106
616	127
617	9
617	18
617	65
617	106
617	127
618	9
618	65
618	106
618	127
619	9
619	65
619	106
619	127
620	9
620	18
620	65
620	106
620	127
621	9
621	65
621	106
621	127
622	9
622	121
622	144
623	9
623	18
623	63
623	110
623	121
624	9
624	18
624	65
624	121
625	9
625	110
625	121
626	9
626	18
626	121
627	9
627	44
627	49
627	65
627	121
628	9
628	49
628	65
628	121
628	127
629	9
629	18
629	110
629	121
630	9
630	18
630	65
630	121
630	127
631	9
631	18
631	49
631	121
632	9
632	121
633	9
633	49
633	121
634	9
634	65
634	121
634	127
635	9
635	18
635	49
635	121
636	9
636	49
636	65
636	121
637	9
637	49
637	65
637	121
637	127
638	9
638	65
638	121
638	127
639	9
639	121
640	9
640	121
641	9
641	18
641	49
641	121
641	127
642	9
642	18
642	121
643	9
643	18
643	49
643	121
644	9
644	18
644	49
644	121
645	9
645	18
645	49
645	121
645	148
646	9
646	18
646	49
646	121
647	9
647	18
647	49
647	110
647	121
648	9
648	18
648	49
648	121
649	9
649	18
649	49
649	121
650	9
650	18
650	49
650	121
651	9
651	18
651	49
651	121
652	9
652	18
652	49
652	121
653	9
653	18
653	49
653	65
653	121
653	123
653	127
654	9
654	18
654	121
655	9
655	18
655	121
656	9
656	18
656	49
656	121
657	9
657	49
657	123
658	9
658	49
658	123
659	9
659	18
659	148
660	9
660	18
660	31
660	50
660	63
660	67
660	69
660	79
660	148
661	9
661	18
661	31
661	50
661	63
661	67
661	69
661	79
661	148
662	9
662	18
662	31
662	63
662	67
662	69
662	79
662	148
663	9
663	18
663	69
663	118
663	148
664	9
664	18
664	148
665	11
665	30
665	33
665	122
665	143
666	11
666	42
667	11
667	33
667	42
667	51
667	54
667	142
668	11
668	42
668	51
668	97
669	11
669	42
669	51
670	11
670	42
671	11
671	42
672	11
672	42
672	51
672	97
673	11
673	42
673	51
673	97
673	135
674	11
674	42
675	11
675	42
675	51
676	11
676	51
676	92
677	11
677	51
677	92
678	11
678	51
678	92
679	11
679	33
679	51
680	11
680	33
680	51
681	11
681	51
681	97
682	11
682	51
683	11
683	51
684	11
684	51
685	11
685	51
686	11
686	51
687	11
687	51
688	11
688	51
689	11
689	51
690	11
690	58
691	11
691	58
692	11
692	58
693	12
693	49
694	12
694	14
694	65
695	11
695	121
696	12
696	121
697	13
697	15
697	30
697	45
697	59
698	13
698	59
699	13
699	116
700	14
700	47
700	84
701	14
701	47
701	84
702	14
702	47
702	84
703	14
703	47
704	14
704	84
705	14
705	84
706	14
706	84
707	14
707	84
708	14
708	84
709	14
709	84
710	14
710	84
711	14
711	84
712	14
712	84
713	14
713	84
714	14
714	84
715	14
715	84
716	14
716	84
717	14
717	84
718	14
718	84
719	14
719	84
720	14
720	84
721	14
721	84
722	14
722	84
723	14
723	84
724	14
724	84
725	14
725	84
726	14
726	84
727	14
727	84
728	14
728	84
729	14
729	84
730	14
730	84
731	14
731	84
732	14
732	84
733	14
733	84
734	14
734	84
735	14
735	84
736	14
736	84
737	14
737	84
738	14
738	84
739	14
739	84
740	14
740	84
741	14
741	84
742	14
742	84
743	14
743	84
744	14
744	84
745	14
745	84
746	14
746	84
747	14
747	84
748	14
748	84
749	14
749	84
750	14
750	84
751	14
751	84
752	14
752	83
753	14
753	84
754	14
754	84
755	14
755	84
756	14
756	84
757	14
757	84
758	14
758	84
759	14
759	84
760	14
760	84
761	14
761	84
762	14
762	84
763	14
763	84
764	14
764	84
765	14
765	84
766	14
766	84
767	14
767	84
768	14
768	84
769	14
769	84
770	14
770	84
771	14
771	84
772	14
772	84
773	14
773	84
774	14
774	84
775	14
775	84
776	14
776	84
777	14
777	84
778	14
778	84
779	14
779	84
780	14
780	84
781	14
781	84
782	14
782	84
783	14
783	84
784	14
784	84
785	14
785	84
786	14
786	84
787	14
787	84
788	14
788	84
789	14
789	84
790	14
790	84
791	14
791	84
792	14
792	84
793	14
793	84
794	14
794	84
795	14
795	84
796	14
796	84
797	14
797	84
798	14
798	84
799	14
799	84
800	14
800	84
801	14
801	84
802	14
802	84
803	14
803	84
804	14
804	84
805	14
805	84
806	14
806	84
807	14
807	84
808	14
808	84
809	14
809	84
810	14
811	14
811	84
812	14
812	84
813	14
813	84
814	14
814	84
815	14
815	84
816	14
816	84
817	14
817	84
818	14
818	84
819	14
819	84
820	14
820	84
821	14
821	84
822	14
822	84
823	14
823	84
824	14
824	84
825	14
825	84
826	14
826	84
827	14
827	84
828	14
828	84
829	14
829	84
830	14
830	84
831	14
831	84
832	14
832	84
833	14
833	84
834	14
834	84
835	14
835	84
836	14
836	84
837	14
837	84
838	14
838	84
839	14
839	84
840	14
840	84
841	14
841	84
842	14
842	84
843	14
843	84
844	14
844	84
845	14
845	84
846	14
846	84
847	14
847	84
848	14
848	84
849	14
849	84
850	14
850	84
851	14
851	84
852	14
852	84
853	14
853	84
854	14
854	84
855	14
855	84
856	14
856	84
857	14
857	84
858	14
858	84
859	14
859	84
860	14
860	84
861	14
861	84
862	14
862	84
863	14
863	84
864	14
864	84
865	14
865	84
866	14
866	84
867	14
867	84
868	14
868	84
869	14
869	84
870	14
870	84
871	14
871	84
872	14
872	84
873	14
873	84
874	14
874	84
875	14
875	84
876	3
876	84
877	14
877	84
878	14
878	84
879	14
879	84
880	14
880	84
881	14
881	84
882	14
882	84
883	14
883	84
884	14
884	78
884	84
884	103
884	115
885	14
885	84
886	14
886	84
887	14
887	84
888	14
888	84
889	14
889	84
890	14
890	84
891	14
891	84
892	14
892	84
893	14
893	84
894	14
894	78
894	84
894	103
894	129
895	14
895	84
896	14
896	84
897	14
897	84
898	14
898	84
899	14
899	84
900	14
900	84
901	14
901	84
902	14
902	84
903	14
903	34
903	84
903	142
904	14
904	84
904	142
905	14
905	84
906	14
906	109
907	14
907	129
908	11
908	15
908	135
909	11
909	15
909	135
910	11
910	15
910	135
911	11
911	15
911	135
912	11
912	15
912	135
913	11
913	15
913	135
914	11
914	15
914	135
915	11
915	15
915	135
916	15
916	135
917	16
917	42
917	83
917	91
917	105
917	122
917	135
918	16
918	42
918	91
918	105
918	122
918	135
919	16
919	91
919	94
919	131
920	16
920	91
920	94
920	131
921	16
921	42
921	57
921	122
922	16
922	42
922	57
922	122
923	16
923	42
923	57
923	122
924	16
924	42
924	57
924	122
925	16
925	42
925	57
925	122
926	16
926	42
926	57
926	122
927	16
927	42
927	57
927	122
928	16
928	42
928	57
928	122
929	16
929	42
929	57
929	122
930	42
930	57
930	122
930	135
931	16
931	122
932	16
932	42
932	57
932	122
933	16
933	42
933	57
933	122
934	16
934	42
934	83
934	122
935	16
935	42
935	57
935	122
936	16
936	42
936	83
936	122
937	16
937	42
937	83
937	122
937	135
938	16
938	42
938	83
938	122
938	135
939	16
939	42
939	83
939	122
940	16
940	42
940	83
940	122
940	135
941	16
941	83
941	122
942	16
942	83
942	122
943	16
943	83
943	122
944	16
944	122
945	16
945	42
945	83
945	122
946	16
946	42
946	57
946	83
946	97
946	122
946	135
947	16
947	42
947	57
947	122
947	135
948	16
948	83
948	122
949	16
949	42
949	83
949	122
949	135
950	16
950	42
950	83
950	122
950	135
951	16
951	42
951	83
951	122
951	135
952	16
952	42
952	53
952	105
952	122
953	16
953	42
953	57
953	83
953	122
953	135
954	16
954	30
954	42
954	57
954	83
954	122
955	16
955	30
955	42
955	57
955	83
955	122
956	16
956	42
956	83
956	122
956	135
957	16
957	42
957	83
957	122
957	135
958	16
958	42
958	83
958	122
958	135
959	16
959	42
959	83
959	122
959	135
960	16
960	57
960	122
961	16
961	42
961	57
961	83
961	122
961	135
962	16
962	42
962	83
962	122
962	135
963	16
963	42
963	83
963	122
963	135
964	16
964	42
964	83
964	122
964	135
965	16
965	42
965	45
965	83
965	122
965	135
966	16
966	42
966	83
966	122
966	135
967	16
967	122
968	16
968	42
968	45
968	83
968	122
968	135
969	16
969	42
969	83
969	122
969	135
970	16
970	42
970	57
970	83
970	105
970	122
970	135
971	16
971	42
971	83
971	122
971	135
972	16
972	42
972	83
972	122
972	135
973	16
973	42
973	57
973	83
973	122
973	135
974	16
974	42
974	83
974	122
974	135
975	16
975	42
975	45
975	83
975	122
975	135
976	16
976	17
976	53
976	122
977	16
977	53
977	122
978	16
978	53
978	122
979	16
979	42
979	53
979	83
979	122
980	16
980	53
980	122
981	16
981	122
982	16
982	53
982	122
983	16
983	53
983	122
984	16
984	53
984	122
985	16
985	53
985	122
986	16
986	53
986	122
987	16
987	53
987	122
988	16
988	42
988	83
988	122
988	135
989	16
989	122
989	135
990	16
990	122
991	16
991	20
991	122
991	135
992	16
992	122
993	16
993	122
993	135
994	16
994	122
995	16
995	122
995	135
996	16
996	122
997	16
997	122
998	16
998	122
999	16
999	122
1000	8
1000	16
1000	125
1001	17
1001	51
1002	18
1002	31
1002	63
1002	66
1002	67
1002	79
1003	18
1003	27
1003	29
1003	31
1003	63
1003	66
1003	67
1003	79
1003	136
1004	18
1004	27
1004	63
1004	67
1004	79
1005	18
1005	63
1005	67
1005	79
1006	18
1006	31
1006	63
1006	67
1007	18
1007	27
1007	31
1007	63
1007	66
1007	67
1007	79
1008	18
1008	31
1008	63
1008	66
1008	67
1008	79
1008	140
1009	18
1009	31
1009	63
1009	66
1009	67
1009	79
1009	140
1010	18
1010	27
1010	31
1010	63
1010	66
1010	67
1010	79
1011	18
1011	31
1011	63
1011	66
1011	67
1011	79
1011	140
1012	18
1012	63
1012	79
1013	18
1013	23
1013	27
1013	29
1013	31
1013	63
1013	66
1013	67
1013	79
1013	84
1013	136
1013	140
1013	150
1014	18
1014	31
1014	63
1014	66
1014	67
1014	79
1014	140
1015	18
1015	27
1015	31
1015	63
1015	66
1015	67
1015	79
1016	18
1016	63
1016	67
1016	79
1017	18
1017	63
1017	67
1017	79
1018	18
1018	49
1018	63
1019	18
1019	63
1020	18
1020	63
1021	18
1021	63
1022	18
1022	63
1023	18
1023	63
1024	18
1024	63
1025	18
1025	63
1026	18
1026	63
1027	18
1027	63
1028	18
1028	63
1029	18
1029	73
1029	90
1029	118
1029	148
1030	18
1030	49
1030	90
1030	121
1031	18
1031	31
1031	90
1032	9
1032	18
1032	127
1033	9
1033	18
1033	65
1033	127
1034	20
1034	56
1035	20
1035	56
1036	20
1036	56
1037	20
1037	56
1038	20
1038	56
1039	20
1039	56
1040	20
1040	56
1041	20
1041	56
1042	20
1042	56
1043	20
1043	56
1044	20
1044	56
1045	20
1045	56
1046	20
1046	56
1046	107
1046	113
1047	20
1047	56
1047	107
1047	113
1048	20
1048	56
1049	78
1049	85
1049	103
1049	120
1050	20
1050	103
1050	113
1051	20
1051	103
1051	113
1052	20
1052	103
1052	113
1053	20
1053	113
1054	20
1054	25
1054	93
1054	113
1054	115
1055	20
1055	113
1055	115
1056	21
1056	79
1056	114
1056	142
1057	21
1057	79
1058	21
1058	79
1058	114
1059	21
1059	79
1060	21
1060	114
1061	21
1061	114
1062	21
1062	114
1063	21
1063	114
1064	21
1064	114
1065	23
1065	27
1065	29
1065	31
1065	63
1065	84
1065	136
1065	140
1065	150
1066	23
1066	27
1066	31
1066	67
1067	23
1067	27
1067	29
1067	31
1067	63
1067	84
1067	136
1067	140
1067	150
1068	23
1068	27
1068	29
1068	31
1068	63
1068	84
1068	136
1068	140
1068	150
1069	23
1069	27
1069	31
1069	67
1070	23
1070	27
1070	29
1070	31
1070	63
1070	84
1070	136
1070	140
1070	150
1071	23
1071	27
1071	31
1071	67
1072	23
1072	27
1072	31
1072	67
1073	23
1073	27
1073	29
1073	31
1073	63
1073	84
1073	136
1073	140
1073	150
1074	23
1074	27
1074	29
1074	31
1074	63
1074	84
1074	136
1074	140
1074	150
1075	23
1075	27
1075	29
1075	31
1075	63
1075	84
1075	136
1075	140
1075	150
1076	23
1076	27
1076	29
1076	31
1076	63
1076	66
1076	67
1076	79
1076	84
1076	130
1076	136
1076	140
1076	150
1077	23
1077	27
1077	29
1077	31
1077	63
1077	84
1077	136
1077	140
1077	150
1078	23
1078	27
1078	29
1078	31
1078	63
1078	84
1078	136
1078	140
1078	150
1079	23
1079	27
1079	29
1079	31
1079	63
1079	84
1079	136
1079	140
1079	150
1080	23
1080	27
1080	63
1080	67
1080	130
1081	23
1081	27
1081	29
1081	140
1082	23
1082	27
1082	29
1083	23
1083	27
1083	29
1084	23
1084	27
1084	29
1085	23
1085	29
1086	23
1086	29
1087	23
1087	29
1088	23
1088	29
1089	23
1089	29
1090	23
1090	29
1091	23
1091	29
1092	23
1092	29
1093	23
1093	29
1094	23
1094	29
1095	23
1095	29
1095	104
1096	23
1096	29
1097	23
1097	29
1098	23
1098	29
1099	23
1099	29
1100	23
1100	29
1101	23
1101	29
1102	23
1102	29
1103	23
1103	31
1103	67
1103	140
1104	23
1104	31
1104	67
1104	140
1105	23
1105	31
1105	67
1105	140
1106	23
1106	31
1106	67
1106	140
1107	23
1107	31
1107	67
1107	140
1108	23
1108	140
1109	23
1109	140
1110	24
1110	63
1110	103
1111	24
1111	103
1112	24
1112	103
1113	24
1113	103
1114	24
1114	103
1115	24
1115	103
1116	25
1116	38
1116	115
1117	25
1117	38
1118	25
1118	38
1118	115
1119	25
1119	38
1119	115
1120	25
1120	38
1120	78
1120	115
1120	146
1121	25
1121	38
1121	115
1122	25
1122	38
1122	115
1123	25
1123	38
1123	115
1124	25
1124	38
1124	115
1125	25
1125	38
1125	78
1125	81
1125	85
1125	95
1125	137
1125	146
1125	149
1126	25
1126	38
1126	78
1126	85
1126	95
1126	137
1126	146
1126	149
1127	25
1127	38
1127	78
1127	85
1127	95
1127	137
1127	146
1127	149
1128	25
1128	78
1128	85
1128	137
1128	146
1128	149
1129	25
1129	120
1130	25
1130	120
1131	25
1131	120
1132	25
1132	120
1133	25
1133	120
1134	25
1134	120
1135	25
1135	120
1136	25
1136	120
1137	25
1137	120
1138	25
1138	120
1139	25
1139	120
1140	25
1140	120
1141	25
1141	120
1142	25
1142	120
1143	25
1143	120
1144	25
1144	120
1144	133
1145	25
1145	120
1146	25
1146	120
1147	25
1147	120
1148	25
1148	120
1149	25
1149	120
1150	25
1150	120
1151	25
1151	120
1152	25
1152	120
1153	25
1153	120
1154	27
1154	29
1154	136
1154	140
1154	150
1155	27
1155	29
1155	31
1155	66
1155	67
1155	79
1155	136
1156	27
1156	29
1156	31
1156	63
1156	66
1156	67
1156	79
1156	136
1157	27
1157	29
1157	31
1157	63
1157	66
1157	67
1157	79
1157	136
1158	27
1158	29
1158	31
1158	63
1158	66
1158	67
1158	79
1158	136
1159	27
1159	29
1159	31
1159	63
1159	66
1159	67
1159	79
1159	136
1160	27
1160	29
1160	31
1160	63
1160	66
1160	67
1160	79
1160	136
1160	140
1161	27
1161	29
1161	31
1161	63
1161	66
1161	67
1161	79
1161	136
1161	140
1162	27
1162	29
1162	31
1162	63
1162	66
1162	67
1162	79
1162	136
1163	27
1163	29
1163	31
1163	63
1163	66
1163	67
1163	79
1163	136
1164	27
1164	29
1165	27
1165	29
1165	31
1165	63
1165	66
1165	67
1165	79
1165	136
1166	27
1166	29
1167	27
1167	29
1167	136
1167	140
1168	27
1168	29
1168	140
1169	27
1169	29
1169	136
1169	140
1169	150
1170	27
1170	29
1170	140
1171	27
1171	29
1171	140
1172	27
1172	29
1172	36
1172	140
1173	27
1173	29
1173	136
1173	140
1173	150
1174	27
1174	29
1174	140
1175	27
1175	29
1175	136
1175	140
1175	150
1176	27
1176	29
1176	140
1177	27
1177	29
1177	84
1177	136
1177	140
1177	150
1178	27
1178	29
1178	140
1179	27
1179	29
1180	27
1180	29
1180	140
1181	27
1181	29
1181	140
1182	27
1182	29
1182	140
1183	27
1183	29
1183	140
1184	27
1184	29
1185	27
1185	29
1185	140
1186	27
1186	29
1186	140
1187	27
1187	29
1187	140
1188	27
1188	29
1188	140
1189	27
1189	29
1189	140
1190	27
1190	29
1191	27
1191	29
1192	27
1192	29
1192	140
1193	27
1193	29
1193	140
1194	27
1194	29
1194	140
1195	27
1195	29
1195	140
1196	27
1196	29
1196	140
1197	27
1197	29
1197	140
1198	27
1198	29
1198	140
1199	27
1199	29
1199	140
1200	27
1200	29
1201	27
1201	29
1202	27
1202	29
1203	27
1203	29
1204	27
1204	29
1204	140
1205	27
1205	29
1205	140
1206	27
1206	29
1207	27
1207	29
1207	140
1208	27
1208	29
1209	27
1209	29
1210	27
1210	29
1210	65
1210	79
1210	127
1210	140
1211	27
1211	29
1211	140
1212	27
1212	29
1212	140
1213	27
1213	29
1214	27
1214	29
1215	27
1215	29
1216	27
1216	29
1217	27
1217	29
1218	27
1218	29
1218	140
1219	27
1219	29
1219	140
1220	27
1220	29
1221	27
1221	29
1222	27
1222	29
1222	140
1223	27
1223	29
1223	140
1224	27
1224	29
1224	140
1225	27
1225	29
1226	27
1226	29
1227	27
1227	29
1228	27
1228	29
1228	140
1229	27
1229	29
1230	27
1230	29
1231	27
1231	29
1232	27
1232	29
1232	140
1232	146
1232	149
1233	27
1233	29
1233	140
1234	27
1234	29
1235	27
1235	29
1236	27
1236	29
1237	27
1237	29
1238	27
1238	29
1239	27
1239	29
1240	27
1240	29
1241	27
1241	29
1242	27
1242	29
1243	27
1243	29
1244	27
1244	29
1245	27
1245	29
1246	27
1246	29
1247	27
1247	29
1248	27
1248	29
1249	27
1249	31
1250	27
1250	31
1251	27
1251	31
1251	67
1252	27
1252	31
1252	67
1253	27
1253	31
1253	67
1254	27
1254	31
1255	27
1255	31
1256	27
1256	31
1257	27
1257	31
1258	27
1258	31
1259	27
1259	31
1259	68
1260	27
1260	140
1261	27
1261	140
1262	27
1262	140
1263	18
1263	27
1263	140
1264	27
1264	140
1265	27
1265	140
1266	27
1266	65
1266	141
1267	29
1267	31
1268	29
1268	31
1269	29
1269	31
1270	29
1270	31
1271	29
1271	31
1272	29
1272	118
1273	29
1273	140
1274	29
1274	140
1275	29
1275	140
1276	29
1276	140
1277	29
1277	140
1278	30
1278	48
1279	16
1279	30
1279	45
1279	59
1280	30
1280	59
1281	30
1281	89
1282	4
1282	30
1282	122
1283	31
1283	44
1284	31
1284	68
1284	141
1285	31
1285	150
1286	31
1286	150
1287	32
1287	51
1288	17
1288	32
1288	143
1289	17
1289	32
1289	143
1290	11
1290	33
1290	53
1290	102
1291	33
1291	62
1292	33
1292	122
1292	143
1293	3
1293	34
1293	78
1293	85
1293	152
1294	3
1294	34
1294	85
1294	152
1295	37
1295	52
1296	37
1296	52
1297	37
1297	52
1298	37
1298	52
1299	37
1299	52
1300	37
1300	52
1301	37
1301	52
1302	37
1302	52
1303	37
1303	52
1304	37
1304	52
1305	37
1305	52
1306	37
1306	52
1307	37
1307	52
1308	37
1308	52
1309	37
1309	52
1310	37
1310	52
1311	37
1311	52
1312	37
1312	52
1313	37
1313	52
1314	37
1314	52
1315	37
1315	52
1316	37
1316	52
1317	37
1317	52
1318	37
1318	52
1319	37
1319	52
1320	37
1320	52
1321	37
1321	52
1322	37
1322	52
1323	37
1323	52
1324	37
1324	52
1325	37
1325	52
1326	37
1326	52
1327	37
1327	52
1328	37
1328	52
1329	37
1329	52
1330	37
1330	52
1331	37
1331	52
1332	37
1332	52
1333	37
1333	52
1334	37
1334	52
1335	37
1335	52
1336	37
1336	52
1337	37
1337	52
1338	37
1338	52
1339	37
1339	52
1340	37
1340	52
1341	37
1341	52
1342	37
1342	52
1343	37
1343	52
1344	37
1344	52
1345	37
1345	52
1346	37
1346	52
1347	37
1347	52
1348	37
1348	52
1349	37
1349	52
1350	37
1350	52
1351	37
1351	52
1352	37
1352	52
1353	37
1353	52
1354	37
1354	52
1355	37
1355	52
1356	37
1356	52
1357	37
1357	52
1358	37
1358	52
1359	37
1359	52
1360	37
1360	52
1360	88
1361	37
1361	52
1362	37
1362	52
1362	88
1363	37
1363	52
1364	37
1364	52
1365	37
1365	52
1366	37
1366	52
1367	37
1367	52
1368	37
1368	52
1369	37
1369	52
1370	37
1370	52
1371	37
1371	52
1372	37
1372	52
1373	37
1373	52
1374	37
1374	52
1375	37
1375	52
1376	38
1376	78
1376	85
1376	137
1376	149
1377	38
1377	78
1377	85
1377	137
1377	149
1378	38
1378	78
1378	85
1378	137
1378	149
1379	38
1379	78
1379	85
1380	38
1380	78
1380	85
1381	78
1381	85
1381	137
1381	146
1381	149
1382	38
1382	78
1382	85
1382	137
1382	146
1382	149
1383	38
1383	78
1383	85
1384	38
1384	78
1384	85
1384	137
1384	146
1384	149
1385	38
1385	78
1385	81
1385	95
1385	137
1385	146
1386	78
1386	85
1387	38
1387	78
1387	85
1387	137
1387	149
1388	38
1388	78
1388	85
1388	137
1388	146
1388	149
1389	38
1389	78
1389	85
1389	95
1389	137
1389	146
1389	149
1390	38
1390	78
1390	95
1390	146
1390	149
1391	38
1391	78
1391	137
1392	38
1392	78
1392	85
1392	95
1392	137
1392	146
1392	149
1393	38
1393	78
1393	85
1393	115
1393	137
1393	146
1393	149
1394	38
1394	78
1394	85
1394	137
1394	146
1394	149
1395	38
1395	78
1395	85
1395	115
1395	137
1395	146
1395	149
1396	38
1396	78
1396	85
1396	115
1396	137
1396	146
1396	149
1397	38
1397	78
1397	85
1397	95
1397	137
1397	146
1398	38
1398	78
1398	85
1398	137
1399	38
1399	78
1399	137
1400	38
1400	78
1400	85
1400	95
1400	137
1400	146
1400	149
1401	38
1401	71
1401	78
1401	137
1401	149
1402	38
1402	78
1402	95
1402	137
1402	146
1402	149
1403	38
1403	71
1403	78
1403	137
1403	149
1404	38
1404	78
1404	146
1405	38
1405	78
1405	95
1405	137
1405	146
1405	149
1406	38
1406	78
1406	95
1406	137
1407	38
1407	78
1407	95
1407	137
1407	146
1407	149
1408	38
1408	78
1408	95
1408	137
1408	146
1408	149
1409	38
1409	78
1409	95
1410	38
1410	78
1410	95
1410	137
1410	146
1410	149
1411	38
1411	78
1411	146
1411	149
1412	38
1412	78
1412	95
1412	137
1412	146
1412	149
1413	38
1413	85
1413	137
1414	38
1414	85
1414	137
1415	38
1415	81
1415	85
1415	146
1415	149
1416	38
1416	85
1416	115
1416	146
1417	5
1417	38
1417	93
1418	38
1418	93
1419	38
1419	93
1420	3
1420	38
1420	81
1420	93
1420	146
1421	3
1421	38
1421	93
1421	115
1421	146
1422	38
1422	81
1422	93
1422	115
1423	38
1423	93
1423	115
1424	3
1424	38
1424	93
1424	115
1424	146
1425	3
1425	37
1425	38
1425	81
1425	93
1426	38
1426	93
1426	115
1427	38
1427	93
1427	115
1427	146
1428	38
1428	93
1428	115
1428	146
1429	5
1429	38
1429	93
1430	38
1430	93
1430	115
1431	3
1431	38
1431	93
1431	146
1432	38
1432	93
1433	3
1433	38
1433	81
1433	93
1433	115
1434	38
1434	93
1434	115
1435	38
1435	93
1435	115
1436	3
1436	38
1436	81
1436	93
1437	38
1437	93
1437	115
1438	38
1438	93
1438	115
1439	38
1439	93
1439	115
1439	146
1440	38
1440	93
1440	115
1441	38
1441	93
1441	115
1441	146
1442	38
1442	93
1442	115
1442	146
1443	3
1443	38
1443	93
1443	146
1444	3
1444	38
1444	93
1444	146
1445	38
1445	93
1445	115
1445	146
1446	38
1446	93
1446	115
1446	146
1447	38
1447	93
1447	146
1448	39
1448	49
1448	61
1448	65
1448	121
1448	127
1449	39
1449	65
1449	121
1449	127
1450	39
1450	49
1450	65
1450	121
1450	123
1450	127
1451	39
1451	49
1451	123
1452	39
1452	123
1453	39
1453	123
1454	39
1454	123
1455	39
1455	123
1456	39
1456	123
1457	39
1457	123
1458	40
1458	60
1459	40
1459	60
1460	40
1460	60
1461	40
1461	60
1462	40
1462	60
1462	71
1463	40
1463	60
1464	40
1464	60
1464	71
1465	40
1465	60
1465	71
1466	40
1466	76
1466	77
1466	78
1466	85
1466	137
1466	146
1466	149
1467	40
1467	85
1467	149
1468	40
1468	149
1469	40
1469	85
1469	149
1470	40
1470	149
1471	40
1471	85
1471	149
1472	40
1472	137
1472	149
1473	40
1473	77
1473	78
1473	85
1473	137
1473	146
1473	149
1474	42
1474	45
1475	42
1475	45
1476	42
1476	45
1477	42
1477	45
1478	42
1478	45
1479	42
1479	45
1480	42
1480	45
1480	135
1481	42
1481	45
1481	135
1482	42
1482	45
1482	57
1482	122
1483	42
1483	45
1483	96
1483	117
1483	143
1484	42
1484	45
1485	42
1485	45
1485	96
1485	117
1485	143
1486	42
1486	45
1486	57
1486	122
1487	42
1487	45
1488	8
1488	42
1488	45
1488	125
1489	42
1489	54
1489	142
1490	42
1490	57
1490	122
1491	42
1491	57
1491	122
1492	42
1492	57
1492	122
1493	42
1493	57
1494	42
1494	57
1494	122
1495	42
1495	57
1496	42
1496	57
1496	122
1497	42
1497	57
1497	122
1498	42
1498	57
1498	122
1499	42
1499	57
1499	122
1500	42
1500	57
1501	42
1501	57
1501	122
1502	42
1502	57
1502	122
1503	42
1503	57
1503	105
1503	122
1504	42
1504	57
1504	83
1504	117
1504	122
1505	42
1505	57
1505	122
1506	42
1506	57
1506	122
1507	42
1507	57
1507	122
1508	42
1508	57
1508	83
1508	117
1508	122
1509	42
1509	57
1509	122
1510	42
1510	57
1510	122
1511	16
1511	42
1511	57
1511	83
1511	122
1511	135
1512	42
1512	122
1513	42
1513	122
1514	42
1514	122
1515	42
1515	122
1516	42
1516	122
1517	42
1517	122
1518	42
1518	122
1519	42
1519	122
1520	42
1520	122
1521	42
1521	122
1521	135
1522	42
1522	122
1523	42
1523	122
1524	42
1524	122
1525	42
1525	122
1526	42
1526	122
1527	42
1527	83
1527	122
1528	42
1528	122
1528	135
1529	42
1529	122
1530	42
1530	122
1531	42
1531	83
1531	122
1532	42
1532	122
1533	42
1533	122
1534	42
1534	122
1535	42
1535	83
1535	122
1536	42
1536	122
1537	42
1537	122
1538	42
1538	122
1539	42
1539	83
1539	122
1540	42
1540	122
1541	42
1541	122
1542	42
1542	122
1543	42
1543	122
1544	42
1544	122
1545	42
1545	83
1545	122
1546	42
1546	122
1547	42
1547	122
1548	42
1548	83
1548	122
1549	42
1549	122
1550	42
1550	122
1551	42
1551	122
1552	42
1552	122
1553	42
1553	122
1554	42
1554	122
1555	42
1555	122
1556	42
1556	122
1557	42
1557	122
1558	42
1558	122
1559	42
1559	122
1560	42
1560	122
1561	42
1561	122
1562	42
1562	122
1563	42
1563	122
1564	42
1564	122
1565	42
1565	122
1566	42
1566	122
1567	42
1567	122
1568	42
1568	105
1568	122
1569	42
1569	122
1570	42
1570	122
1571	42
1571	83
1571	122
1572	42
1572	105
1572	122
1573	42
1573	122
1573	135
1574	42
1574	122
1575	42
1575	122
1576	42
1576	122
1577	42
1577	122
1578	42
1578	83
1578	122
1578	135
1579	42
1579	122
1579	135
1580	42
1580	122
1581	42
1581	122
1581	135
1582	42
1582	122
1583	42
1583	122
1583	135
1584	42
1584	122
1584	135
1585	42
1585	122
1585	135
1586	42
1586	122
1586	135
1587	42
1587	122
1587	135
1588	42
1588	122
1588	135
1589	42
1589	122
1589	135
1590	42
1590	122
1590	135
1591	42
1591	142
1592	42
1592	142
1593	42
1593	142
1594	42
1594	142
1595	42
1595	142
1596	42
1596	142
1597	42
1597	142
1598	9
1598	21
1598	37
1598	44
1598	64
1598	65
1599	21
1599	44
1599	64
1600	44
1600	64
1601	44
1601	64
1602	44
1602	64
1603	44
1603	64
1604	44
1604	64
1605	44
1605	64
1606	44
1606	64
1607	44
1607	64
1608	44
1608	64
1609	44
1609	64
1610	44
1610	64
1611	44
1611	64
1612	44
1612	64
1613	44
1613	64
1614	44
1614	64
1615	44
1615	64
1616	44
1616	64
1617	44
1617	64
1618	44
1618	64
1619	44
1619	64
1620	44
1620	64
1621	44
1621	64
1622	44
1622	64
1623	44
1623	64
1624	44
1624	64
1625	44
1625	64
1626	44
1626	64
1627	44
1627	64
1628	44
1628	64
1629	44
1629	64
1630	44
1630	64
1631	45
1631	57
1631	143
1632	45
1632	57
1632	143
1633	45
1633	57
1634	45
1634	57
1635	45
1635	57
1636	45
1636	57
1637	45
1637	57
1638	45
1638	59
1638	143
1639	45
1639	97
1639	131
1639	135
1640	32
1640	45
1640	94
1640	97
1640	125
1640	131
1641	45
1641	122
1642	45
1642	122
1643	45
1643	122
1643	143
1644	45
1644	122
1645	45
1645	122
1646	45
1646	122
1647	45
1647	122
1648	45
1648	122
1649	45
1649	122
1650	45
1650	122
1650	143
1651	45
1651	122
1652	16
1652	42
1652	45
1652	83
1652	122
1652	135
1653	45
1653	135
1653	143
1654	48
1654	59
1655	48
1655	59
1656	48
1656	59
1657	48
1657	135
1658	48
1658	135
1659	48
1659	135
1660	48
1660	135
1661	48
1661	135
1662	48
1662	135
1663	48
1663	135
1664	48
1664	135
1665	48
1665	135
1666	48
1666	135
1667	48
1667	135
1668	48
1668	135
1669	48
1669	135
1670	48
1670	135
1671	48
1671	135
1672	48
1672	135
1673	48
1673	135
1674	48
1674	135
1675	48
1675	135
1676	48
1676	135
1677	8
1677	48
1677	135
1678	48
1678	135
1679	8
1679	48
1679	135
1680	48
1680	135
1681	48
1681	135
1682	48
1682	135
1683	48
1683	135
1684	48
1684	135
1685	48
1685	135
1686	48
1686	135
1687	48
1687	135
1688	48
1688	135
1689	48
1689	135
1690	48
1690	135
1691	48
1691	135
1692	16
1692	48
1692	135
1693	16
1693	48
1693	135
1694	37
1694	49
1694	65
1695	49
1695	65
1696	49
1696	65
1696	121
1697	9
1697	49
1697	65
1698	9
1698	49
1698	65
1699	49
1699	65
1700	49
1700	65
1701	49
1701	65
1702	49
1702	65
1703	49
1703	121
1703	127
1704	49
1704	68
1704	121
1705	49
1705	121
1706	49
1706	121
1707	49
1707	121
1708	49
1708	90
1708	121
1709	49
1709	90
1709	121
1710	49
1710	121
1711	49
1711	121
1712	18
1712	49
1712	121
1713	49
1713	90
1713	121
1714	49
1714	121
1715	49
1715	121
1716	49
1716	121
1717	49
1717	121
1718	49
1718	121
1719	121
1720	49
1720	121
1721	49
1721	121
1722	18
1722	49
1722	121
1723	49
1723	121
1724	18
1724	49
1724	121
1725	49
1725	121
1726	18
1726	49
1726	121
1727	50
1727	79
1728	50
1728	79
1729	9
1729	50
1729	79
1730	9
1730	50
1730	79
1731	9
1731	50
1731	79
1732	51
1732	105
1733	51
1733	105
1734	51
1734	105
1735	51
1735	105
1736	53
1736	62
1737	53
1737	62
1738	53
1738	62
1739	53
1739	62
1740	53
1740	62
1741	53
1741	62
1742	53
1742	62
1743	53
1743	62
1744	53
1744	62
1745	53
1745	62
1746	53
1746	62
1747	53
1747	62
1748	53
1748	62
1749	53
1749	62
1750	53
1750	62
1751	53
1751	62
1752	53
1752	62
1753	53
1753	62
1754	53
1754	62
1755	53
1755	62
1756	53
1756	62
1757	53
1757	62
1758	53
1758	62
1759	53
1759	62
1760	53
1760	62
1761	53
1761	62
1762	53
1762	62
1763	53
1763	62
1764	53
1764	62
1765	53
1765	62
1765	95
1766	53
1766	62
1766	119
1767	53
1767	62
1768	53
1768	62
1769	53
1769	62
1770	53
1770	62
1771	53
1771	62
1772	53
1772	62
1773	53
1773	62
1774	53
1774	62
1775	53
1775	62
1775	95
1776	53
1776	62
1777	53
1777	62
1778	53
1778	62
1779	53
1779	62
1779	119
1780	53
1780	62
1781	53
1781	62
1782	53
1782	62
1783	53
1783	62
1783	119
1784	53
1784	62
1785	53
1785	62
1786	53
1786	62
1787	53
1787	62
1788	53
1788	62
1789	53
1789	62
1790	53
1790	62
1791	53
1791	62
1792	53
1792	62
1793	53
1793	62
1794	53
1794	62
1795	53
1795	70
1796	53
1796	70
1797	53
1797	102
1797	134
1798	53
1798	119
1799	53
1799	119
1800	53
1800	119
1801	53
1801	119
1802	53
1802	119
1803	53
1803	105
1803	122
1804	53
1804	105
1804	122
1805	53
1805	105
1805	122
1805	135
1806	53
1806	122
1806	135
1807	53
1807	122
1808	53
1808	122
1808	135
1809	53
1809	105
1809	122
1809	135
1810	53
1810	122
1811	53
1811	122
1811	135
1812	53
1812	122
1812	135
1813	53
1813	122
1813	135
1814	53
1814	122
1814	135
1815	53
1815	122
1815	135
1816	53
1816	122
1816	135
1817	53
1817	122
1817	135
1818	53
1818	122
1818	135
1819	53
1819	122
1819	135
1820	53
1820	122
1820	135
1821	53
1821	122
1821	135
1822	53
1822	122
1822	135
1823	53
1823	122
1823	135
1824	53
1824	122
1824	135
1825	53
1825	122
1825	135
1826	53
1826	122
1826	135
1827	53
1827	122
1827	135
1828	53
1828	122
1828	135
1829	53
1829	122
1830	53
1830	122
1831	53
1831	122
1832	53
1832	122
1832	135
1833	7
1833	112
1833	123
1834	56
1835	25
1835	56
1835	113
1836	25
1836	56
1836	113
1837	57
1837	122
1838	57
1838	122
1839	57
1839	122
1840	57
1840	122
1841	57
1841	122
1842	57
1842	122
1843	57
1843	122
1844	57
1844	122
1845	57
1845	122
1846	57
1846	122
1847	57
1847	122
1848	57
1848	122
1849	57
1849	122
1850	57
1850	122
1851	58
1851	78
1851	103
1852	58
1852	78
1853	58
1853	78
1854	58
1854	78
1854	103
1855	58
1855	78
1855	85
1855	103
1856	58
1856	96
1857	59
1857	89
1858	59
1858	97
1858	131
1859	59
1859	97
1859	131
1859	135
1860	59
1860	116
1861	59
1861	116
1862	59
1862	116
1863	59
1863	116
1864	59
1864	116
1865	59
1865	116
1866	59
1866	116
1867	59
1867	116
1868	59
1868	116
1869	59
1869	116
1870	59
1870	122
1870	131
1870	135
1871	59
1871	122
1871	135
1872	59
1872	135
1873	59
1873	135
1874	59
1874	135
1875	14
1875	60
1875	112
1876	14
1876	60
1876	112
1877	14
1877	60
1877	112
1878	60
1878	149
1879	60
1879	85
1879	149
1880	60
1880	85
1880	149
1881	31
1881	63
1881	65
1881	67
1881	79
1881	80
1881	127
1882	63
1882	84
1882	127
1883	63
1883	84
1883	127
1884	63
1884	127
1885	63
1885	127
1886	63
1886	127
1887	63
1887	127
1888	63
1888	127
1889	63
1889	127
1890	63
1890	127
1891	65
1891	121
1892	65
1892	121
1893	65
1893	121
1894	65
1894	121
1895	65
1895	121
1896	67
1896	69
1897	63
1897	67
1897	69
1897	130
1898	63
1898	67
1898	69
1898	130
1899	63
1899	67
1899	69
1899	79
1899	130
1900	67
1900	79
1900	140
1901	67
1901	79
1902	63
1902	67
1902	79
1903	63
1903	67
1903	79
1904	63
1904	67
1904	79
1904	130
1905	31
1905	67
1905	140
1906	31
1906	67
1906	68
1906	130
1907	31
1907	68
1907	140
1908	31
1908	68
1908	140
1909	31
1909	68
1909	140
1910	68
1910	140
1911	18
1911	69
1911	79
1911	118
1911	148
1912	69
1912	79
1913	9
1913	18
1913	69
1913	79
1914	9
1914	18
1914	69
1914	79
1915	9
1915	18
1915	69
1915	79
1916	9
1916	18
1916	69
1916	79
1917	9
1917	18
1917	69
1917	79
1918	9
1918	18
1918	69
1918	79
1919	9
1919	18
1919	69
1919	79
1920	9
1920	18
1920	69
1920	79
1921	18
1921	31
1921	69
1921	73
1921	79
1921	80
1921	118
1921	140
1921	148
1922	18
1922	69
1922	79
1922	148
1923	18
1923	69
1923	79
1923	148
1924	18
1924	69
1924	79
1924	148
1925	71
1925	78
1925	85
1925	137
1925	149
1926	71
1926	78
1926	85
1926	137
1926	146
1926	149
1927	71
1927	78
1927	85
1927	137
1927	146
1927	149
1928	71
1928	78
1928	85
1928	137
1928	146
1928	149
1929	71
1929	78
1929	85
1929	137
1929	149
1930	71
1930	78
1930	85
1930	137
1930	149
1931	71
1931	78
1931	85
1931	137
1931	149
1932	71
1932	78
1932	85
1932	137
1932	149
1933	72
1933	88
1934	72
1934	88
1935	72
1935	88
1936	72
1936	88
1937	72
1937	88
1938	72
1938	88
1939	72
1939	88
1940	72
1940	88
1941	72
1941	88
1942	72
1942	88
1943	72
1943	88
1944	72
1944	88
1945	72
1945	88
1946	72
1946	88
1947	72
1947	88
1948	72
1948	88
1949	72
1949	88
1950	72
1950	88
1951	72
1951	88
1952	72
1952	88
1953	72
1953	88
1954	72
1954	88
1955	72
1955	88
1956	72
1956	88
1957	72
1957	88
1958	72
1958	88
1959	72
1959	88
1960	72
1960	88
1961	72
1961	88
1962	72
1962	88
1963	72
1963	88
1964	72
1964	88
1965	72
1965	88
1966	72
1966	88
1967	72
1967	88
1968	72
1968	88
1969	72
1969	88
1970	72
1970	88
1971	72
1971	88
1972	72
1972	88
1973	72
1973	88
1974	72
1974	88
1975	72
1975	88
1976	72
1976	88
1977	72
1977	88
1978	72
1978	88
1979	72
1979	88
1980	72
1980	88
1981	72
1981	88
1982	14
1982	72
1982	88
1983	72
1983	88
1984	72
1984	88
1985	72
1985	88
1986	72
1986	88
1987	72
1987	88
1988	72
1988	88
1989	72
1989	88
1990	72
1990	88
1991	72
1991	88
1992	72
1992	88
1993	72
1993	88
1994	72
1994	88
1995	25
1995	72
1995	88
1996	72
1996	88
1997	72
1997	88
1998	72
1998	88
1999	72
1999	88
2000	72
2000	88
2001	72
2001	75
2001	88
2002	72
2002	88
2003	72
2003	75
2003	88
2004	72
2004	75
2004	88
2005	72
2005	75
2005	88
2006	72
2006	75
2006	88
2007	72
2007	75
2007	88
2008	73
2008	148
2009	73
2009	150
2010	74
2010	81
2011	74
2011	81
2012	74
2012	81
2013	74
2013	81
2014	74
2014	81
2015	7
2015	74
2015	103
2015	112
2015	151
2016	7
2016	74
2016	103
2016	112
2016	151
2017	7
2017	74
2017	103
2017	112
2017	151
2018	7
2018	74
2018	103
2018	112
2018	151
2019	7
2019	74
2019	103
2019	112
2019	151
2020	7
2020	74
2020	103
2020	112
2020	151
2021	7
2021	74
2021	103
2021	112
2021	151
2022	7
2022	74
2022	103
2022	112
2022	151
2023	7
2023	74
2023	103
2023	112
2023	151
2024	7
2024	74
2024	103
2024	112
2024	151
2025	7
2025	74
2025	103
2025	112
2025	151
2026	7
2026	74
2026	103
2026	112
2026	151
2027	7
2027	74
2027	103
2027	112
2027	151
2028	7
2028	74
2028	103
2028	112
2028	151
2029	7
2029	74
2029	103
2029	112
2029	151
2030	7
2030	74
2030	103
2030	112
2030	151
2031	7
2031	74
2031	103
2031	112
2031	151
2032	7
2032	74
2032	103
2032	112
2032	151
2033	7
2033	74
2033	103
2033	112
2033	151
2034	7
2034	74
2034	103
2034	112
2034	151
2035	7
2035	74
2035	103
2035	112
2035	151
2036	7
2036	74
2036	103
2036	112
2036	151
2037	7
2037	74
2037	103
2037	112
2037	151
2038	7
2038	74
2038	103
2038	112
2038	151
2039	7
2039	74
2039	103
2039	112
2039	151
2040	7
2040	74
2040	103
2040	112
2040	151
2041	7
2041	74
2041	103
2041	112
2041	151
2042	7
2042	74
2042	103
2042	112
2042	151
2043	7
2043	74
2043	103
2043	112
2043	151
2044	7
2044	74
2044	103
2044	112
2044	151
2045	7
2045	74
2045	103
2045	112
2045	151
2046	7
2046	74
2046	103
2046	112
2046	151
2047	7
2047	74
2047	103
2047	112
2047	151
2048	7
2048	74
2048	103
2048	112
2048	151
2049	7
2049	74
2049	103
2049	112
2049	151
2050	7
2050	74
2050	85
2050	103
2050	112
2050	151
2051	7
2051	74
2051	103
2051	112
2051	151
2052	7
2052	74
2052	103
2052	112
2052	151
2053	7
2053	74
2053	103
2053	112
2053	151
2054	7
2054	74
2054	103
2054	112
2054	151
2055	7
2055	74
2055	103
2055	112
2055	151
2056	7
2056	74
2056	103
2056	112
2056	151
2057	7
2057	74
2057	103
2057	112
2057	151
2058	7
2058	74
2058	103
2058	112
2058	151
2059	7
2059	74
2059	103
2059	112
2059	151
2060	7
2060	74
2060	103
2060	112
2060	151
2061	7
2061	74
2061	103
2061	112
2061	151
2062	7
2062	74
2062	103
2062	112
2062	151
2063	7
2063	74
2063	103
2063	112
2063	151
2064	7
2064	74
2064	103
2064	112
2064	151
2065	7
2065	74
2065	103
2065	112
2065	151
2066	7
2066	74
2066	103
2066	112
2066	151
2067	7
2067	74
2067	103
2067	112
2067	151
2068	7
2068	74
2068	103
2068	112
2068	151
2069	7
2069	74
2069	103
2069	112
2069	151
2070	7
2070	74
2070	103
2070	112
2070	151
2071	7
2071	74
2071	103
2071	112
2071	151
2072	7
2072	74
2072	103
2072	112
2072	151
2073	7
2073	74
2073	103
2073	112
2073	151
2074	7
2074	74
2074	103
2074	112
2074	151
2075	7
2075	74
2075	103
2075	112
2075	151
2076	7
2076	74
2076	103
2076	112
2076	151
2077	7
2077	74
2077	103
2077	112
2077	151
2078	7
2078	74
2078	103
2078	112
2078	151
2079	7
2079	74
2079	103
2079	112
2079	151
2080	7
2080	74
2080	103
2080	151
2081	7
2081	74
2081	103
2081	112
2081	151
2082	7
2082	74
2082	103
2082	112
2082	151
2083	7
2083	74
2083	103
2083	112
2083	151
2084	7
2084	74
2084	103
2084	151
2085	7
2085	74
2085	103
2085	151
2086	7
2086	74
2086	103
2086	151
2087	7
2087	74
2087	103
2087	151
2088	7
2088	74
2088	103
2088	151
2089	7
2089	74
2089	103
2089	151
2090	7
2090	74
2090	103
2090	151
2091	7
2091	74
2091	103
2091	151
2092	74
2092	103
2093	74
2093	103
2094	7
2094	74
2094	103
2095	7
2095	74
2095	103
2096	7
2096	74
2096	103
2096	151
2097	7
2097	74
2097	103
2097	151
2098	7
2098	74
2098	103
2099	7
2099	74
2099	103
2100	7
2100	74
2100	103
2101	7
2101	74
2101	103
2102	7
2102	74
2102	103
2103	7
2103	74
2103	103
2104	7
2104	74
2104	103
2105	7
2105	74
2105	103
2106	7
2106	74
2106	103
2107	7
2107	74
2107	103
2108	7
2108	74
2108	103
2109	7
2109	74
2109	103
2110	7
2110	74
2110	103
2111	7
2111	74
2111	103
2112	7
2112	74
2112	103
2113	7
2113	74
2113	103
2114	7
2114	74
2114	103
2115	7
2115	74
2115	103
2116	7
2116	74
2116	103
2117	7
2117	74
2117	103
2118	7
2118	74
2118	103
2119	74
2119	103
2120	74
2120	103
2121	74
2121	103
2122	74
2122	103
2123	74
2123	103
2124	74
2124	103
2125	74
2125	103
2126	74
2126	103
2127	74
2127	103
2128	74
2128	103
2129	74
2129	103
2130	74
2130	103
2131	74
2131	103
2132	74
2132	103
2134	3
2134	78
2134	85
2135	3
2135	78
2135	85
2136	3
2136	34
2136	78
2136	85
2136	137
2137	78
2137	85
2137	137
2137	149
2138	3
2138	78
2138	85
2139	78
2139	85
2140	78
2140	85
2141	78
2141	85
2141	137
2141	149
2142	78
2142	85
2142	137
2143	78
2143	85
2144	78
2144	85
2144	137
2145	78
2145	85
2146	78
2146	85
2146	137
2146	146
2146	149
2147	78
2147	85
2148	78
2148	85
2149	78
2149	85
2149	103
2149	137
2149	146
2149	149
2150	78
2150	85
2150	137
2150	149
2151	78
2151	85
2151	137
2151	146
2151	149
2152	78
2152	85
2153	78
2153	85
2153	137
2153	149
2154	78
2154	85
2154	146
2154	149
2155	78
2155	85
2155	137
2155	146
2155	149
2156	78
2156	85
2156	137
2156	149
2157	78
2157	85
2157	137
2157	149
2158	78
2158	85
2158	146
2158	149
2159	78
2159	85
2159	137
2159	149
2160	78
2160	85
2160	146
2161	78
2161	85
2161	95
2162	78
2162	85
2162	149
2163	78
2163	85
2163	146
2163	149
2164	78
2164	85
2164	146
2165	78
2165	85
2165	137
2165	146
2165	149
2166	78
2166	85
2167	78
2167	85
2167	137
2168	78
2168	85
2168	95
2168	146
2169	78
2169	85
2169	149
2170	78
2170	85
2170	149
2171	78
2171	85
2171	149
2172	78
2172	85
2172	149
2173	78
2173	85
2173	149
2174	78
2174	120
2175	78
2175	120
2176	78
2176	120
2177	78
2177	149
2178	78
2178	149
2179	78
2179	149
2180	78
2180	149
2181	78
2181	137
2181	146
2181	149
2182	78
2182	149
2183	78
2183	149
2184	78
2184	149
2185	78
2185	149
2186	78
2186	149
2187	78
2187	149
2188	78
2188	149
2189	78
2189	149
2190	78
2190	149
2191	78
2191	95
2191	146
2191	149
2192	78
2192	95
2192	146
2192	149
2193	78
2193	95
2193	146
2193	149
2194	78
2194	95
2194	146
2194	149
2195	78
2195	149
2196	78
2196	112
2196	149
2197	78
2197	146
2197	149
2198	78
2198	149
2199	79
2199	140
2200	79
2200	140
2201	79
2201	140
2201	142
2202	79
2202	140
2203	79
2203	140
2204	79
2204	140
2205	79
2205	140
2206	79
2206	140
2207	79
2207	142
2208	79
2208	142
2209	79
2209	142
2210	79
2210	142
2211	79
2211	142
2212	79
2212	142
2213	79
2213	142
2214	79
2214	90
2214	148
2215	79
2215	148
2216	81
2216	103
2217	83
2217	135
2218	83
2218	135
2219	83
2219	135
2220	83
2220	135
2221	83
2221	135
2222	83
2222	135
2223	83
2223	135
2224	83
2224	135
2225	83
2225	135
2226	83
2226	122
2226	135
2227	83
2227	122
2227	135
2228	83
2228	122
2228	135
2229	83
2229	122
2229	135
2230	83
2230	122
2230	135
2231	83
2231	122
2231	135
2232	81
2232	85
2232	93
2233	20
2233	85
2233	93
2233	120
2234	85
2234	107
2235	85
2235	107
2236	85
2236	107
2237	85
2237	107
2238	85
2238	107
2239	85
2239	107
2240	85
2240	107
2241	85
2241	107
2241	149
2242	85
2242	107
2242	149
2243	85
2243	107
2243	149
2244	85
2244	107
2244	149
2245	85
2245	120
2246	85
2246	120
2247	85
2247	120
2247	149
2248	9
2248	90
2248	127
2249	9
2249	90
2249	127
2250	91
2250	97
2251	91
2251	97
2252	91
2252	97
2253	91
2253	97
2254	91
2254	97
2255	91
2255	97
2256	91
2256	97
2256	131
2257	91
2257	97
2257	131
2258	91
2258	97
2258	131
2259	91
2259	97
2260	32
2260	91
2260	97
2260	131
2261	91
2261	97
2261	131
2262	91
2262	97
2262	131
2263	91
2263	97
2263	131
2264	91
2264	97
2264	131
2265	91
2265	105
2265	122
2266	91
2266	105
2266	122
2267	91
2267	131
2268	91
2268	131
2269	91
2269	97
2269	131
2270	91
2270	131
2271	91
2271	131
2272	91
2272	131
2273	91
2273	131
2274	91
2274	131
2275	91
2275	131
2276	3
2276	93
2276	120
2277	3
2277	93
2277	120
2278	3
2278	93
2278	120
2279	94
2279	97
2279	125
2279	131
2280	94
2280	125
2280	131
2281	97
2281	122
2282	57
2282	97
2282	131
2282	135
2283	11
2283	97
2283	131
2284	97
2284	131
2284	135
2285	97
2285	131
2286	97
2286	131
2287	97
2287	131
2288	97
2288	131
2289	97
2289	131
2290	97
2290	131
2291	97
2291	131
2292	97
2292	131
2293	97
2293	131
2294	97
2294	131
2295	97
2295	131
2296	97
2296	131
2297	97
2297	131
2298	97
2298	131
2299	97
2299	131
2300	97
2300	131
2301	97
2301	131
2302	97
2302	131
2303	97
2303	131
2304	97
2304	131
2305	97
2305	131
2306	97
2306	131
2307	42
2307	97
2307	105
2307	135
2308	42
2308	97
2308	135
2309	42
2309	97
2309	105
2309	135
2310	1
2310	97
2310	135
2311	42
2311	97
2311	105
2311	135
2312	97
2312	135
2313	97
2313	105
2313	135
2314	97
2314	105
2314	135
2315	42
2315	97
2315	135
2316	97
2316	135
2317	4
2317	97
2317	135
2318	1
2318	17
2318	42
2318	97
2318	135
2319	4
2319	97
2319	135
2320	4
2320	97
2320	135
2321	99
2321	147
2322	5
2322	99
2322	152
2323	99
2323	152
2324	99
2324	152
2325	3
2325	103
2325	113
2326	105
2326	122
2327	105
2327	122
2328	105
2328	122
2328	135
2329	105
2329	122
2330	105
2330	122
2331	105
2331	122
2332	105
2332	122
2333	105
2333	122
2333	135
2334	105
2334	122
2335	105
2335	122
2336	105
2336	143
2337	42
2337	105
2337	143
2338	105
2338	143
2339	45
2339	92
2339	105
2339	143
2340	45
2340	105
2340	143
2341	45
2341	92
2341	105
2341	143
2342	45
2342	105
2342	143
2343	105
2343	143
2344	65
2344	106
2344	127
2345	65
2345	106
2345	127
2346	65
2346	106
2346	127
2347	107
2347	120
2347	149
2348	107
2348	120
2349	107
2349	120
2350	107
2350	120
2351	34
2351	108
2351	139
2352	111
2352	147
2353	111
2353	118
2353	152
2354	111
2354	151
2354	152
2355	111
2355	151
2355	152
2356	111
2356	152
2357	112
2357	149
2358	112
2358	146
2358	149
2359	112
2359	146
2359	149
2360	112
2360	146
2360	149
2361	115
2361	137
2362	115
2362	137
2363	93
2363	115
2363	146
2364	81
2364	115
2364	146
2365	81
2365	115
2365	146
2366	81
2366	115
2366	146
2367	81
2367	115
2367	146
2368	81
2368	115
2368	146
2369	81
2369	115
2369	146
2370	81
2370	115
2370	146
2371	81
2371	115
2371	146
2372	81
2372	115
2372	146
2373	81
2373	115
2373	146
2374	81
2374	115
2374	146
2375	115
2375	146
2376	115
2376	146
2377	3
2377	115
2377	146
2378	3
2378	38
2378	115
2378	146
2379	38
2379	115
2379	146
2380	3
2380	38
2380	115
2380	146
2381	38
2381	115
2381	146
2382	3
2382	38
2382	115
2382	146
2383	38
2383	115
2383	146
2384	38
2384	115
2384	146
2385	3
2385	93
2385	115
2385	146
2386	3
2386	38
2386	115
2386	146
2387	93
2387	115
2387	146
2388	93
2388	115
2388	146
2389	3
2389	81
2389	93
2389	115
2389	146
2390	3
2390	115
2390	146
2391	3
2391	93
2391	115
2391	146
2392	3
2392	38
2392	81
2392	115
2392	146
2393	3
2393	38
2393	115
2393	146
2394	38
2394	115
2394	146
2395	38
2395	115
2395	146
2396	115
2396	146
2397	3
2397	115
2397	146
2398	115
2398	146
2399	7
2399	115
2399	146
2400	7
2400	115
2400	146
2401	93
2401	115
2401	151
2402	93
2402	115
2402	151
2403	93
2403	115
2403	151
2404	118
2404	136
2405	118
2405	136
2406	118
2406	136
2407	118
2407	136
2408	118
2408	136
2409	118
2409	136
2410	63
2410	118
2410	130
2410	136
2411	118
2411	136
2412	118
2412	130
2412	136
2413	118
2413	136
2414	118
2414	136
2415	118
2415	130
2415	136
2416	118
2416	130
2416	136
2417	118
2417	130
2417	136
2418	119
2418	134
2419	120
2419	149
2420	120
2420	149
2421	110
2421	120
2421	149
2422	121
2422	123
2423	121
2423	123
2424	122
2424	135
2425	122
2425	135
2426	122
2426	135
2427	122
2427	135
2428	122
2428	135
2429	122
2429	135
2430	53
2430	122
2430	135
2431	53
2431	122
2432	122
2432	135
2433	122
2433	143
2434	137
2434	146
2435	137
2435	149
2436	137
2436	149
2437	137
2437	149
2438	137
2438	149
2439	137
2439	149
2440	85
2440	146
2440	149
2441	146
2441	149
2442	146
2442	149
2443	146
2443	149
2444	146
2444	149
2445	146
2445	149
2446	146
2446	149
2447	146
2447	149
2448	146
2448	149
2449	146
2449	149
2450	146
2450	149
2451	146
2451	149
2452	146
2452	149
2453	11
2454	11
2455	11
2456	149
2457	85
2457	149
2458	149
2459	149
2460	60
2460	85
2460	149
2461	27
2462	31
2462	67
2463	79
2464	79
2465	79
2466	79
2467	79
2468	79
2469	79
2470	63
2470	79
2471	9
2471	18
2471	79
2472	96
2472	117
2473	96
2474	58
2474	97
2474	116
2475	58
2476	58
2477	58
2478	58
2479	58
2480	58
2481	58
2482	51
2483	51
2483	97
2484	51
2485	51
2485	97
2486	51
2487	51
2488	51
2489	51
2490	51
2490	97
2491	51
2491	97
2492	51
2493	51
2494	51
2495	51
2496	51
2497	51
2498	51
2499	51
2500	51
2501	51
2502	51
2503	51
2504	51
2505	51
2506	51
2507	51
2508	51
2509	51
2510	51
2511	51
2512	51
2513	51
2514	51
2515	51
2516	51
2517	51
2518	51
2519	51
2520	51
2521	4
2521	51
2522	51
2523	51
2524	51
2525	51
2526	51
2527	51
2528	51
2529	32
2530	105
2531	105
2532	105
2533	105
2534	105
2535	105
2536	13
2537	106
2538	9
2538	65
2538	127
2539	84
2539	127
2540	84
2540	127
2541	79
2542	135
2543	135
2544	103
2545	103
2546	103
2547	103
2548	97
2549	97
2550	97
2551	97
2552	97
2553	42
2554	42
2555	42
2556	42
2556	51
2557	42
2557	51
2558	42
2559	42
2560	42
2561	42
2562	42
2563	5
2563	14
2564	5
2564	14
2565	78
2566	78
2567	78
2568	5
2568	38
2569	5
2569	38
2570	5
2571	5
2572	5
2573	137
2573	149
2574	116
2575	116
2576	150
2577	150
2578	150
2579	150
2580	150
2581	44
2582	16
2582	59
2583	16
2584	16
2585	4
2585	42
2586	4
2586	42
2587	4
2587	42
2588	4
2589	4
2589	122
2590	122
2591	122
2592	122
2593	122
2594	122
2595	122
2596	122
2597	122
2598	57
2598	125
2599	144
2600	135
2601	135
2602	135
2603	135
2604	135
2605	135
2606	135
2607	59
2608	29
2609	29
2610	65
2611	65
2612	65
2613	65
2614	65
2615	65
2616	65
2617	65
2618	65
2619	9
2619	65
2620	65
2621	65
2622	65
2623	65
2624	65
2625	65
2626	135
2627	135
2628	9
2629	9
2629	140
2630	9
2631	9
2631	127
2632	9
2632	140
2633	9
2634	9
2634	127
2635	9
2636	9
2636	140
2637	9
2638	9
2638	140
2639	9
2639	140
2640	9
2641	9
2642	9
2643	9
2644	9
2645	9
2645	140
2646	9
2646	18
2646	140
2647	9
2648	9
2648	140
2649	9
2650	9
2651	29
2652	29
2653	130
2653	136
2654	130
2654	136
2655	130
2656	23
2656	31
2656	67
2657	23
2657	31
2657	63
2657	67
2658	23
2658	31
2658	67
2659	23
2659	31
2659	67
2660	23
2660	31
2660	67
2661	23
2661	31
2661	67
2662	23
2662	31
2662	67
2663	62
2664	79
2665	79
2666	79
2667	99
2668	99
2669	152
2670	152
2671	108
2672	14
2673	14
2674	53
2675	53
2676	53
2677	119
2678	57
2679	57
2680	57
2681	57
2682	42
2683	42
2684	42
2685	42
2686	85
2687	85
2688	9
2689	16
2689	42
2689	83
2689	122
2689	135
2690	77
2690	78
2690	146
